Conid,Symbol,NAME,BOG_TH,SOG_TH,Exchange
4027,AAP,ADVANCE AUTO PARTS INC,0.024254069,-0.021539896,NYSE
4157,ADI,ANALOG DEVICES INC,0.022402556,-0.021315992,NASDAQ
4211,AEP,AMERICAN ELECTRIC POWER,0.015204131,-0.018051508,NYSE
4227,AFL,AFLAC INC,0.031707178,-0.034687419,NYSE
4347,ALB,ALBEMARLE CORP,0.026339207,-0.027567728,NYSE
4350,HON,HONEYWELL INTERNATIONAL INC,0.018476887,-0.020426727,NYSE
4352,ALK,ALASKA AIR GROUP INC,0.038,-0.035592255,NYSE
4357,ALL,ALLSTATE CORP,0.027697674,-0.026193159,NYSE
4487,APD,AIR PRODUCTS & CHEMICALS INC,0.019580144,-0.019626434,NYSE
4493,APH,AMPHENOL CORP-CL A,0.023081526,-0.022731134,NYSE
4661,ADP,AUTOMATIC DATA PROCESSING,0.015039066,-0.016297475,NASDAQ
4694,AVY,AVERY DENNISON CORP,0.020851519,-0.02054686,NYSE
4721,AXP,AMERICAN EXPRESS CO,0.032264368,-0.030972432,NYSE
4762,BA,BOEING CO/THE,0.019273794,-0.021102525,NYSE
4851,BCR,CR BARD INC,0.015989765,-0.015197682,NYSE
4886,BDX,BECTON DICKINSON AND CO,0.014,-0.015243243,NYSE
4901,VZ,VERIZON COMMUNICATIONS INC,0.01555971,-0.017874904,NYSE
5049,BLK,BLACKROCK INC,0.031149006,-0.028380106,NYSE
5052,BLL,BALL CORP,0.01911575,-0.019656741,NYSE
5111,BMY,BRISTOL-MYERS SQUIBB CO,0.018,-0.018768888,NYSE
5407,CAH,CARDINAL HEALTH INC,0.018,-0.019542009,NYSE
5437,CAT,CATERPILLAR INC,0.021989829,-0.02523638,NYSE
5651,CHD,CHURCH & DWIGHT CO INC,0.014222222,-0.016113753,NYSE
5684,CVX,CHEVRON CORP,0.018187103,-0.01899508,NYSE
5702,CI,CIGNA CORP,0.034134395,-0.032118675,NYSE
5749,CL,COLGATE-PALMOLIVE CO,0.01347717,-0.013841312,NYSE
5754,CLB,CORE LABORATORIES N.V.,0.029001362,-0.029261477,NYSE
5794,CLX,CLOROX COMPANY,0.014216056,-0.014063988,NYSE
5941,COF,CAPITAL ONE FINANCIAL CORP,0.049384224,-0.040301147,NYSE
5960,COO,COOPER COS INC/THE,0.025,-0.026583815,NYSE
5980,CPB,CAMPBELL SOUP CO,0.014758627,-0.014010633,NYSE
6004,CPT,CAMDEN PROPERTY TRUST,0.033918961,-0.031840237,NYSE
6120,CSL,CARLISLE COS INC,0.022367276,-0.022673913,NYSE
6207,CMI,CUMMINS INC,0.034,-0.032180629,NYSE
6327,D,DOMINION RESOURCES INC/VA,0.014561738,-0.015839501,NYSE
6393,DE,DEERE & CO,0.026934166,-0.027312039,NYSE
6437,TGT,TARGET CORP,0.02480574,-0.022534247,NYSE
6442,DHR,DANAHER CORP,0.017518115,-0.017094517,NYSE
6459,DIS,WALT DISNEY CO/THE,0.019795823,-0.018838167,NYSE
6497,MCO,MOODY'S CORP,0.033911366,-0.032603788,NYSE
6517,DOV,DOVER CORP,0.022134868,-0.021297072,NYSE
6585,DTE,DTE ENERGY COMPANY,0.014265893,-0.016125628,NYSE
6630,DY,DYCOM INDUSTRIES INC,0.038157876,-0.03820563,NYSE
6682,ECL,ECOLAB INC,0.016697911,-0.017015733,NYSE
6691,ED,CONSOLIDATED EDISON INC,0.012,-0.013797032,NYSE
6735,EFX,EQUIFAX INC,0.018079277,-0.017914916,NYSE
6832,EMN,EASTMAN CHEMICAL CO,0.023105035,-0.023558545,NYSE
6842,EMR,EMERSON ELECTRIC CO,0.020562597,-0.02060452,NYSE
6890,EOG,EOG RESOURCES INC,0.02782469,-0.0288533,NYSE
6917,EQR,EQUITY RESIDENTIAL,0.0365,-0.032819315,NYSE
6969,ETR,ENTERGY CORP,0.016650493,-0.018370858,NYSE
7361,FRT,FEDERAL REALTY INVS TRUST,0.030108696,-0.028376899,NYSE
7496,GD,GENERAL DYNAMICS CORP,0.017,-0.018385233,NYSE
7616,GIS,GENERAL MILLS INC,0.012676576,-0.01311299,NYSE
7745,GPC,GENUINE PARTS CO,0.01669979,-0.017096774,NYSE
7867,GWW,WW GRAINGER INC,0.019946575,-0.01916318,NYSE
7930,HD,HOME DEPOT INC,0.022963855,-0.020953452,NYSE
8097,HP,HELMERICH & PAYNE,0.031501247,-0.033936044,NYSE
8160,HRS,HARRIS CORP,0.021,-0.024118888,NYSE
8199,HSY,HERSHEY CO/THE,0.016686275,-0.014663805,NYSE
8251,HUM,HUMANA INC,0.03099388,-0.029449827,NYSE
8314,IBM,INTL BUSINESS MACHINES CORP,0.015682136,-0.015271721,NYSE
8385,IFF,INTL FLAVORS & FRAGRANCES,0.017357403,-0.017625929,NYSE
8620,ITW,ILLINOIS TOOL WORKS,0.018926347,-0.018911572,NYSE
8719,JNJ,JOHNSON & JOHNSON,0.011,-0.012595217,NYSE
8758,K,KELLOGG CO,0.012910561,-0.013611872,NYSE
8864,KMB,KIMBERLY-CLARK CORP,0.012162617,-0.013036624,NYSE
8949,KSU,KANSAS CITY SOUTHERN,0.029949495,-0.031195799,NYSE
9160,LLY,ELI LILLY & CO,0.015832101,-0.017165965,NYSE
9199,LOW,LOWE'S COS INC,0.025982439,-0.021878547,NYSE
9317,MAA,MID-AMERICA APARTMENT COMM,0.031,-0.028490552,NYSE
9322,MAC,MACERICH CO/THE,0.056,-0.050117028,NYSE
9355,MAN,MANPOWERGROUP INC,0.025815901,-0.027092358,NYSE
9358,MAR,MARRIOTT INTERNATIONAL -CL A,0.02858365,-0.02604305,NASDAQ
9408,MCD,MCDONALD'S CORP,0.015029493,-0.014924007,NYSE
9657,MCK,MCKESSON CORP,0.018397562,-0.021580083,NYSE
9690,MLM,MARTIN MARIETTA MATERIALS,0.030985087,-0.026663344,NYSE
9705,MMC,MARSH & MCLENNAN COS,0.024539936,-0.018276762,NYSE
9720,MMM,3M CO,0.01488049,-0.016557447,NYSE
9769,MO,ALTRIA GROUP INC,0.014096887,-0.015610218,NYSE
10291,NKE,NIKE INC -CL B,0.020485685,-0.01964641,NYSE
10376,NOC,NORTHROP GRUMMAN CORP,0.016692978,-0.017400038,NYSE
10497,NSC,NORFOLK SOUTHERN CORP,0.024271293,-0.024878788,NYSE
10672,O,REALTY INCOME CORP,0.02714966,-0.028233679,NYSE
10811,OMC,OMNICOM GROUP,0.017710481,-0.0182836,NYSE
10880,OXY,OCCIDENTAL PETROLEUM CORP,0.023936357,-0.026346464,NYSE
11020,SRE,SEMPRA ENERGY,0.016447602,-0.017731707,NYSE
11054,PG,PROCTER & GAMBLE CO/THE,0.013,-0.014548318,NYSE
11094,PH,PARKER HANNIFIN CORP,0.022299929,-0.023436853,NYSE
11240,PNC,PNC FINANCIAL SERVICES GROUP,0.036370582,-0.033716298,NYSE
11257,PNW,PINNACLE WEST CAPITAL,0.01461968,-0.016751592,NYSE
11295,PPG,PPG INDUSTRIES INC,0.019461008,-0.019725389,NYSE
11450,PX,PRAXAIR INC,0.02,-0.018890162,NYSE
11478,R,RYDER SYSTEM INC,0.028,-0.026651007,NYSE
11520,RCL,ROYAL CARIBBEAN CRUISES LTD,0.037489635,-0.038696676,NYSE
11574,REG,REGENCY CENTERS CORP,0.034364331,-0.032276869,NYSE
11656,RJF,RAYMOND JAMES FINANCIAL INC,0.034484735,-0.033471264,NYSE
11697,ROK,ROCKWELL AUTOMATION INC,0.024958767,-0.025027088,NYSE
11758,RTN,RAYTHEON COMPANY,0.016807766,-0.016310896,NYSE
11899,EIX,EDISON INTERNATIONAL,0.016363562,-0.018734006,NYSE
11902,SCG,SCANA CORP,0.014025078,-0.015946137,NYSE
12002,PSA,PUBLIC STORAGE,0.030762969,-0.026596772,NYSE
12120,SHW,SHERWIN-WILLIAMS CO/THE,0.023,-0.020049768,NYSE
12200,SLB,SCHLUMBERGER LTD,0.02433981,-0.027101406,NYSE
12225,AOS,SMITH (A.O.) CORP,0.027952381,-0.025558753,NYSE
12259,SNA,SNAP-ON INC,0.022,-0.021086957,NYSE
12750,TFX,TELEFLEX INC,0.018,-0.019134231,NYSE
12786,THO,THOR INDUSTRIES INC,0.033638725,-0.030771483,NYSE
12791,TIF,TIFFANY & CO,0.029333657,-0.027310781,NYSE
12814,TJX,TJX COMPANIES INC,0.023,-0.020233559,NYSE
12869,TMO,THERMO FISHER SCIENTIFIC INC,0.019208803,-0.020543809,NYSE
13096,TXN,TEXAS INSTRUMENTS INC,0.022434749,-0.020746888,NASDAQ
13206,UHS,UNIVERSAL HEALTH SERVICES-B,0.024199536,-0.023480447,NYSE
13272,UNH,UNITEDHEALTH GROUP INC,0.025746193,-0.026883287,NYSE
13284,UNP,UNION PACIFIC CORP,0.023842212,-0.02418382,NYSE
13364,UTX,UNITED TECHNOLOGIES CORP,0.016,-0.017088192,NYSE
13379,WM,WASTE MANAGEMENT INC,0.01678215,-0.018456376,NYSE
13400,VAR,VARIAN MEDICAL SYSTEMS INC,0.020779783,-0.022907205,NYSE
13440,VFC,VF CORP,0.02167912,-0.021978142,NYSE
13497,VLO,VALERO ENERGY CORP,0.027848112,-0.033584736,NYSE
13515,VMC,VULCAN MATERIALS CO,0.034,-0.028966094,NYSE
13535,VNO,VORNADO REALTY TRUST,0.034835116,-0.035910762,NYSE
13751,WHR,WHIRLPOOL CORP,0.030591728,-0.030083234,NYSE
13824,WMT,WAL-MART STORES INC,0.014297933,-0.014135024,NYSE
13977,XOM,EXXON MOBIL CORP,0.016944397,-0.01692178,NYSE
14025,FL,FOOT LOCKER INC,0.03,-0.030725648,NYSE
265598,AAPL,APPLE INC,0.022588256,-0.027118185,NASDAQ
265681,ADSK,AUTODESK INC,0.027286439,-0.028218014,NASDAQ
265768,ADBE,ADOBE SYSTEMS INC,0.023482029,-0.023498899,NASDAQ
266145,AMGN,AMGEN INC,0.018345876,-0.019687933,NASDAQ
267265,CASY,CASEY'S GENERAL STORES INC,0.024,-0.023233115,NASDAQ
267455,CELG,CELGENE CORP,0.024745401,-0.026742289,NASDAQ
267475,CERN,CERNER CORP,0.024531067,-0.022681378,NASDAQ
267748,CMCSA,COMCAST CORP-CLASS A,0.022961051,-0.023653951,NASDAQ
268149,CTAS,CINTAS CORP,0.02,-0.017442623,NASDAQ
268995,EA,ELECTRONIC ARTS INC,0.029095768,-0.026457711,NASDAQ
269315,FISV,FISERV INC,0.018,-0.017270733,NASDAQ
269753,GILD,GILEAD SCIENCES INC,0.021,-0.023472821,NASDAQ
270413,IDXX,IDEXX LABORATORIES INC,0.023096282,-0.020606426,NASDAQ
270662,INTU,INTUIT INC,0.020254625,-0.018229885,NASDAQ
270825,JBHT,HUNT (JB) TRANSPRT SVCS INC,0.026578947,-0.024036054,NASDAQ
270957,KLAC,KLA-TENCOR CORP,0.025667185,-0.023998369,NASDAQ
271308,LRCX,LAM RESEARCH CORP,0.03,-0.027386156,NASDAQ
271556,MKC,MCCORMICK & CO-NON VTG SHRS,0.013,-0.014288904,NYSE
272093,MSFT,MICROSOFT CORP,0.01829932,-0.018519223,NASDAQ
272565,NTRS,NORTHERN TRUST CORP,0.026678031,-0.027841496,NASDAQ
272942,PAYX,PAYCHEX INC,0.016823181,-0.016686043,NASDAQ
272992,PCAR,PACCAR INC,0.026831919,-0.026283209,NASDAQ
272997,COST,COSTCO WHOLESALE CORP,0.017761141,-0.017450579,NASDAQ
273544,QCOM,QUALCOMM INC,0.021337237,-0.022659932,NASDAQ
273939,ROST,ROSS STORES INC,0.024,-0.021515081,NASDAQ
274027,SAFM,SANDERSON FARMS INC,0.032,-0.027789059,NASDAQ
274105,SBUX,STARBUCKS CORP,0.025847584,-0.02227414,NASDAQ
275321,TROW,T ROWE PRICE GROUP INC,0.031,-0.030199085,NASDAQ
275405,TSN,TYSON FOODS INC-CL A,0.027656126,-0.029142857,NYSE
275850,VRTX,VERTEX PHARMACEUTICALS INC,0.035666667,-0.03399676,NASDAQ
276066,STZ,CONSTELLATION BRANDS INC-A,0.023073892,-0.023007752,NYSE
611191,LMT,LOCKHEED MARTIN CORP,0.016624484,-0.017724977,NYSE
611242,PII,POLARIS INDUSTRIES INC,0.031790869,-0.03027325,NYSE
661440,DRI,DARDEN RESTAURANTS INC,0.026804087,-0.024342112,NYSE
661507,LH,LABORATORY CRP OF AMER HLDGS,0.015482856,-0.016932633,NYSE
661633,WAB,WABTEC CORP,0.02819576,-0.027773807,NYSE
754956,HAS,HASBRO INC,0.023,-0.021660589,NASDAQ
1035459,DVA,DAVITA INC,0.020107852,-0.018779888,NYSE
1448477,EL,ESTEE LAUDER COMPANIES-CL A,0.021244336,-0.019692891,NYSE
1448494,WAT,WATERS CORP,0.02125628,-0.019593502,NYSE
1520593,JPM,JPMORGAN CHASE & CO,0.033182047,-0.031515143,NYSE
1714996,ABC,AMERISOURCEBERGEN CORP,0.018525641,-0.019480443,NYSE
1767080,CTXS,CITRIX SYSTEMS INC,0.025283019,-0.025826685,NASDAQ
1847145,FDS,FACTSET RESEARCH SYSTEMS INC,0.021,-0.024154341,NYSE
2008216,MSM,MSC INDUSTRIAL DIRECT CO-A,0.023174852,-0.023226233,NYSE
2009113,SPG,SIMON PROPERTY GROUP INC,0.036212527,-0.033439873,NYSE
2459465,DGX,QUEST DIAGNOSTICS INC,0.017,-0.01833372,NYSE
2585323,MTB,M & T BANK CORP,0.031859409,-0.030074074,NYSE
2585629,ROP,ROPER TECHNOLOGIES INC,0.022165568,-0.021301679,NYSE
2585769,CVS,CVS HEALTH CORP,0.019633117,-0.020766454,NYSE
2586035,PCG,P G & E CORP,0.016214652,-0.016331325,NYSE
2586156,KMX,CARMAX INC,0.034789474,-0.033244813,NYSE
2586162,MTN,VAIL RESORTS INC,0.034578588,-0.03154386,NYSE
2730980,STT,STATE STREET CORP,0.039570062,-0.038762115,NYSE
2746144,ALV,AUTOLIV INC,0.021021904,-0.024746202,NYSE
3142097,PXD,PIONEER NATURAL RESOURCES CO,0.031666667,-0.032549907,NYSE
3206042,YUM,YUM! BRANDS INC,0.021,-0.019427006,NYSE
3629755,URI,UNITED RENTALS INC,0.041142857,-0.044377358,NYSE
3655640,HSIC,HENRY SCHEIN INC,0.017333102,-0.016393913,NASDAQ
4044062,VTR,VENTAS INC,0.029896485,-0.036911717,NYSE
4172987,CHKP,CHECK POINT SOFTWARE TECH,0.021442368,-0.020715472,NASDAQ
4173050,VRSN,VERISIGN INC,0.029184845,-0.024769806,NASDAQ
4369855,INCY,INCYTE CORP,0.044280992,-0.043997783,NASDAQ
4430948,SYK,STRYKER CORP,0.016850622,-0.019173519,NYSE
4457287,IT,GARTNER INC,0.026446933,-0.025838966,NYSE
4528615,AN,AUTONATION INC,0.041223301,-0.031263849,NYSE
4627828,GS,GOLDMAN SACHS GROUP INC,0.028741519,-0.031510068,NYSE
4726021,SWKS,SKYWORKS SOLUTIONS INC,0.033421468,-0.035382716,NASDAQ
4726176,ALXN,ALEXION PHARMACEUTICALS INC,0.029360861,-0.027924328,NASDAQ
4726368,ANSS,ANSYS INC,0.02542539,-0.024302026,NASDAQ
4728759,CTSH,COGNIZANT TECH SOLUTIONS-A,0.025,-0.027016383,NASDAQ
4817352,RMD,RESMED INC,0.021035363,-0.019707158,NYSE
5019164,WSM,WILLIAMS-SONOMA INC,0.03609901,-0.031237056,NYSE
5021340,BXP,BOSTON PROPERTIES INC,0.032510099,-0.032385201,NYSE
5026974,AVB,AVALONBAY COMMUNITIES INC,0.032821951,-0.030190083,NYSE
5090107,RHT,RED HAT INC,0.03,-0.026962547,NYSE
5100583,FDX,FEDEX CORP,0.021048351,-0.021597215,NYSE
6220356,AKAM,AKAMAI TECHNOLOGIES INC,0.032384289,-0.031433155,NASDAQ
6231002,UPS,UNITED PARCEL SERVICE-CL B,0.016065975,-0.01643804,NYSE
6246667,SBAC,SBA COMMUNICATIONS CORP-CL A,0.030608764,-0.030415337,NASDAQ
6248713,FFIV,F5 NETWORKS INC,0.033622047,-0.029638231,NASDAQ
6477725,RE,EVEREST RE GROUP LTD,0.020606791,-0.01996623,NYSE
6477825,JACK,JACK IN THE BOX INC,0.027577181,-0.026574803,NASDAQ
6478100,SRCL,STERICYCLE INC,0.02,-0.018380209,NASDAQ
6607487,ARE,ALEXANDRIA REAL ESTATE EQUIT,0.031,-0.030451631,NYSE
6608113,LII,LENNOX INTERNATIONAL INC,0.027509773,-0.026052239,NYSE
6608473,SLG,SL GREEN REALTY CORP,0.059129853,-0.047756976,NYSE
6857447,BMRN,BIOMARIN PHARMACEUTICAL INC,0.034113402,-0.032404658,NASDAQ
6858322,TSCO,TRACTOR SUPPLY COMPANY,0.026631528,-0.025049204,NASDAQ
7740411,PKG,PACKAGING CORP OF AMERICA,0.023813953,-0.025758294,NYSE
8101142,EW,EDWARDS LIFESCIENCES CORP,0.02,-0.019080242,NYSE
8885958,SINA,SINA CORP,0.041,-0.03647619,NASDAQ
9063285,ISRG,INTUITIVE SURGICAL INC,0.031,-0.028308614,NASDAQ
9541698,NTES,NETEASE INC-ADR,0.033282006,-0.031156466,NASDAQ
9869443,ILMN,ILLUMINA INC,0.03558954,-0.031478261,NASDAQ
11070844,AET,AETNA INC,0.028466227,-0.029015544,NYSE
11459264,ALGN,ALIGN TECHNOLOGY INC,0.037258427,-0.034730668,NASDAQ
11477774,GPN,GLOBAL PAYMENTS INC,0.019,-0.022744681,NYSE
11517520,IBB,ISHARES NASDAQ BIOTECHNOLOGY,0.016005497,-0.02049308,NASDAQ
12588744,COL,ROCKWELL COLLINS INC,0.018846696,-0.019208805,NYSE
12844443,BG,BUNGE LTD,0.029094676,-0.030973264,NYSE
12851783,ZBH,ZIMMER BIOMET HOLDINGS INC,0.019064255,-0.019862052,NYSE
13865082,PRU,PRUDENTIAL FINANCIAL INC,0.047034364,-0.047767684,NYSE
13878278,CNC,CENTENE CORP,0.032,-0.034942824,NYSE
15124833,NFLX,NETFLIX INC,0.039580188,-0.033939314,NASDAQ
15130038,SJM,JM SMUCKER CO/THE,0.014811218,-0.015848438,NYSE
16454492,WYNN,WYNN RESORTS LTD,0.041257654,-0.039465496,NASDAQ
19012089,MOH,MOLINA HEALTHCARE INC,0.031035045,-0.03333349,NYSE
26593783,CRI,CARTER'S INC,0.03,-0.028148076,NYSE
26734397,BIIB,BIOGEN INC,0.02534578,-0.022547095,NASDAQ
27059190,TPX,TEMPUR SEALY INTERNATIONAL I,0.047,-0.041721969,NYSE
27267807,EXP,EAGLE MATERIALS INC,0.034707526,-0.03312424,NYSE
29241131,NUVA,NUVASIVE INC,0.03310734,-0.032196419,NASDAQ
29380756,NDAQ,NASDAQ INC,0.037,-0.033320665,NASDAQ
29624264,CRM,SALESFORCE.COM INC,0.035241057,-0.031826482,NYSE
29718938,WCG,WELLCARE HEALTH PLANS INC,0.038554779,-0.043,NYSE
29831612,DPZ,DOMINO'S PIZZA INC,0.032064266,-0.031675676,NYSE
30351205,EXR,EXTRA SPACE STORAGE INC,0.031,-0.031357143,NYSE
31832526,DLR,DIGITAL REALTY TRUST INC,0.029,-0.030657936,NYSE
32618459,HLF,HERBALIFE LTD,0.035135103,-0.039823789,NYSE
32943358,CE,CELANESE CORP-SERIES A,0.032279661,-0.035957093,NYSE
33191300,TAP,MOLSON COORS BREWING CO -B,0.019004792,-0.019494957,NYSE
33837089,DXCM,DEXCOM INC,0.058485294,-0.046406139,NASDAQ
34563763,THS,TREEHOUSE FOODS INC,0.023660116,-0.024191299,NYSE
35359385,BIDU,BAIDU INC - SPON ADR,0.041761436,-0.038517034,NASDAQ
35970258,AMP,AMERIPRISE FINANCIAL INC,0.035464765,-0.036216319,NYSE
36320731,CHRW,C.H. ROBINSON WORLDWIDE INC,0.022555339,-0.021077005,NASDAQ
37083548,CBS,CBS CORP-CLASS B NON VOTING,0.033918627,-0.033261027,NYSE
37655664,CMG,CHIPOTLE MEXICAN GRILL INC,0.033136547,-0.030821578,NYSE
37866641,FIS,FIDELITY NATIONAL INFO SERV,0.022687236,-0.020231324,NYSE
38285434,TDG,TRANSDIGM GROUP INC,0.026751132,-0.026265594,NYSE
38685693,MA,MASTERCARD INC - A,0.031214464,-0.029631474,NYSE
39118796,HES,HESS CORP,0.03,-0.032206145,NYSE
40021002,WYN,WYNDHAM WORLDWIDE CORP,0.051718668,-0.043579015,NYSE
41622169,FSLR,FIRST SOLAR INC,0.048359526,-0.042791554,NASDAQ
43150617,TRV,TRAVELERS COS INC/THE,0.025632015,-0.022577659,NYSE
44652220,DFS,DISCOVER FINANCIAL SERVICES,0.042,-0.040878034,NYSE
45127739,CME,CME GROUP INC,0.030864865,-0.030730872,NASDAQ
45157951,LULU,LULULEMON ATHLETICA INC,0.045674983,-0.045285182,NASDAQ
45182651,CXO,CONCHO RESOURCES INC,0.040339407,-0.038649231,NYSE
45642839,VMW,VMWARE INC-CLASS A,0.036972013,-0.038118644,NYSE
46970422,ULTA,ULTA SALON COSMETICS & FRAGR,0.046466431,-0.041692939,NASDAQ
48410287,DISH,DISH NETWORK CORP-A,0.03,-0.028077962,NASDAQ
49388062,DLTR,DOLLAR TREE INC,0.024892243,-0.023078951,NASDAQ
49462172,V,VISA INC-CLASS A SHARES,0.027607962,-0.025654206,NYSE
49588376,PM,PHILIP MORRIS INTERNATIONAL,0.018476091,-0.019399169,NYSE
50530752,AWK,AMERICAN WATER WORKS CO INC,0.017558845,-0.021528918,NYSE
50860546,DPS,DR PEPPER SNAPPLE GROUP INC,0.021269504,-0.020741731,NYSE
51782225,SNI,SCRIPPS NETWORKS INTER-CL A,0.027,-0.027001649,NASDAQ
53145883,IAC,IAC/INTERACTIVECORP,0.023,-0.022161853,NASDAQ
53224215,AAXJ,ISHARES MSCI ALL COUNTRY ASI,0.017595423,-0.027023102,NASDAQ
53747825,SIG,SIGNET JEWELERS LTD,0.03,-0.024482465,NYSE
56884113,MD,MEDNAX INC,0.024097854,-0.022142058,NYSE
57698865,EQT,EQT CORP,0.026714193,-0.026796327,NYSE
59085966,TWX,TIME WARNER INC,0.023651834,-0.020817628,NYSE
61319701,AIG,AMERICAN INTERNATIONAL GROUP,0.080092503,-0.076959409,NYSE
61440265,IR,INGERSOLL-RAND PLC,0.025012225,-0.027529977,NYSE
67889930,ACN,ACCENTURE PLC-CL A,0.020052632,-0.021054968,NYSE
69293559,VRSK,VERISK ANALYTICS INC,0.017727674,-0.014540984,NASDAQ
70101545,MRK,MERCK & CO. INC.,0.018957219,-0.020646018,NYSE
70152668,LEA,LEAR CORP,0.019490981,-0.023743161,NYSE
70212228,DG,DOLLAR GENERAL CORP,0.01906483,-0.0190036,NYSE
73354293,SWK,STANLEY BLACK & DECKER INC,0.022653631,-0.021130107,NYSE
74866700,LYB,LYONDELLBASELL INDU-CL A,0.024130435,-0.029189763,NYSE
75103410,SIX,SIX FLAGS ENTERTAINMENT CORP,0.022,-0.020878924,NYSE
75960201,NEE,NEXTERA ENERGY INC,0.017,-0.017969151,NYSE
76227954,CBOE,CBOE HOLDINGS INC,0.0184,-0.019140127,NASDAQ
76266556,SPB,SPECTRUM BRANDS HOLDINGS INC,0.027707828,-0.024869565,NYSE
76792991,TSLA,TESLA MOTORS INC,0.038321247,-0.039574983,NASDAQ
79498203,UAL,UNITED CONTINENTAL HOLDINGS,0.058,-0.061118133,NYSE
81581011,MSI,MOTOROLA SOLUTIONS INC,0.028134431,-0.029082268,NYSE
81731135,FRC,FIRST REPUBLIC BANK/CA,0.017724262,-0.017932203,NYSE
81835582,FLT,FLEETCOR TECHNOLOGIES INC,0.022,-0.022226122,NYSE
82457808,ORLY,O'REILLY AUTOMOTIVE INC,0.023439515,-0.020025084,NASDAQ
85076790,HCA,HCA HOLDINGS INC,0.025463942,-0.02995669,NYSE
85548741,TEL,TE CONNECTIVITY LTD,0.03,-0.025846482,NYSE
89596984,CAVM,CAVIUM INC,0.041,-0.037003976,NASDAQ
90794895,PVH,PVH CORP,0.031314471,-0.029942663,NYSE
92306678,RL,RALPH LAUREN CORP,0.028019555,-0.026481238,NYSE
94078796,FBHS,FORTUNE BRANDS HOME & SECURI,0.026870613,-0.023586998,NYSE
96983623,ACHC,ACADIA HEALTHCARE CO INC,0.030404255,-0.035497382,NASDAQ
97478493,DLPH,DELPHI AUTOMOTIVE PLC,0.018905991,-0.021653906,NYSE
98542021,EXPE,EXPEDIA INC,0.031977955,-0.02980298,NASDAQ
98542026,TRIP,TRIPADVISOR INC,0.030440868,-0.028471958,NASDAQ
99831145,AMT,AMERICAN TOWER CORP,0.02295691,-0.024055901,NYSE
100547520,POST,POST HOLDINGS INC,0.029,-0.024019563,NYSE
104791597,VNTV,VANTIV INC - CL A,0.019,-0.019350117,NYSE
105316759,AON,AON PLC,0.020103752,-0.017081081,NYSE
105430010,ESRX,EXPRESS SCRIPTS HOLDING CO,0.023304582,-0.024212688,NASDAQ
105669270,PSX,PHILLIPS 66,0.020896935,-0.020981177,NYSE
105955748,SPLK,SPLUNK INC,0.032908136,-0.040099502,NASDAQ
107113386,FB,FACEBOOK INC-A,0.02469248,-0.027477181,NASDAQ
108773515,PDCE,PDC ENERGY INC,0.04255832,-0.041411146,NASDAQ
109911821,NOW,SERVICENOW INC,0.03356691,-0.033975649,NYSE
110619459,PANW,PALO ALTO NETWORKS INC,0.030604012,-0.03258767,NYSE
115324104,WDAY,WORKDAY INC-CLASS A,0.030494624,-0.029045977,NYSE
115441080,FANG,DIAMONDBACK ENERGY INC,0.034716442,-0.032676843,NASDAQ
117636259,YY,YY INC-ADR,0.047743403,-0.046132463,NASDAQ
118017869,ETN,EATON CORP PLC,0.022,-0.022854423,NYSE
118089500,ABBV,ABBVIE INC,0.020704788,-0.022960276,NYSE
125005718,LB,L BRANDS INC,0.031,-0.027169133,NYSE
127284359,Q,QUINTILES IMS HOLDINGS INC,0.017200855,-0.018214616,NYSE
127670820,DATA,TABLEAU SOFTWARE INC-CL A,0.033787909,-0.036724421,NYSE
135699190,BURL,BURLINGTON STORES INC,0.02678827,-0.027244898,NYSE
136370275,ICE,INTERCONTINENTAL EXCHANGE IN,0.039497735,-0.039407035,NYSE
137497719,WUBA,58.COM INC-ADR,0.060555957,-0.041553316,NYSE
138438437,ALLE,ALLEGION PLC,0.017542998,-0.019279687,NYSE
140067524,PRGO,PERRIGO CO PLC,0.023158756,-0.022943326,NYSE
153068487,PNR,PENTAIR PLC,0.022683564,-0.023315789,NYSE
153912055,ANET,ARISTA NETWORKS INC,0.033544965,-0.037283882,NYSE
166090175,BABA,ALIBABA GROUP HOLDING-SP ADR,0.023890774,-0.024429825,NYSE
167236260,CDK,CDK GLOBAL INC,0.028341438,-0.023450318,NASDAQ
173962302,ANTM,ANTHEM INC,0.024426382,-0.023442333,NYSE
176571182,CCI,CROWN CASTLE INTL CORP,0.026988439,-0.026717949,NYSE
178634687,WBA,WALGREENS BOOTS ALLIANCE INC,0.020529339,-0.018723176,NASDAQ
179002152,QRVO,QORVO INC,0.042680851,-0.041454545,NASDAQ
181150075,OA,ORBITAL ATK INC,0.018783986,-0.020168069,NYSE
181387075,MDT,MEDTRONIC PLC,0.016867804,-0.017314149,NYSE
196986496,MNST,MONSTER BEVERAGE CORP,0.038901982,-0.035225352,NASDAQ
198560237,WEC,WEC ENERGY GROUP INC,0.013840976,-0.014639742,NYSE
199169586,KHC,KRAFT HEINZ CO/THE,0.015463428,-0.017569681,NASDAQ
204429726,NLSN,NIELSEN HOLDINGS PLC,0.021,-0.016241379,NYSE
207739931,HCN,WELLTOWER INC,0.021798742,-0.025101262,NYSE
217947855,WLTW,WILLIS TOWERS WATSON PLC,0.021438382,-0.022905077,NASDAQ
221033377,AVGO,BROADCOM LTD,0.024129375,-0.026340557,NASDAQ
224225737,XRAY,DENTSPLY SIRONA INC,0.018690531,-0.017969493,NASDAQ
229629397,SPGI,S&P GLOBAL INC,0.026977073,-0.028095352,NYSE
233674866,CHTR,CHARTER COMMUNICATIONS INC-A,0.024,-0.021472762,NASDAQ
247915706,ASH,ASHLAND GLOBAL HOLDINGS INC,0.031507146,-0.03457379,NYSE
260592089,LLL,L3 TECHNOLOGIES INC,0.017,-0.017773649,NYSE
10098,BAC,BANK OF AMERICA,1,-1,NYSE
7935,WFC,WELLS FARGO & CO,1,-1,NYSE
10557,INTC,INTEL CORP,1,-1,NYSE
13014,T,AT&T INC,1,-1,NYSE
8809,PFE,PFIZER INC,1,-1,NYSE
5946,ORCL,ORACLE CORP,1,-1,NYSE
35447205,C,CITIGROUP INC,1,-1,NYSE
10098,GE,GENERAL ELECTRIC,1,-1,NYSE
13949,CSCO,CISCO SYSTEMS,1,-1,NYSE
287025078,DWDP,DOWDUPONT INC,1,-1,NYSE
4457282,NVDA,NVIDIA CORP,1,-1,NYSE
120643512,ABT,ABBOTT LABS,1,-1,NYSE
10109,PYPL,PAYPAL HOLDINGS,1,-1,NYSE
8511,MS,MORGAN STANLEY,1,-1,NYSE
270188,USB,US BANCORP,1,-1,NYSE
218939694,CB,CHUBB LTD,1,-1,NYSE
86033355,COP,CONOCOPHILLIPS,1,-1,NYSE
278946664,AABA,ALTABA INC,1,-1,NYSE
75961319,MDLZ,MONDELEZ INTER-A,1,-1,NYSE
754442,GM,GENERAL MOTORS C,1,-1,NYSE
43661924,AMAT,APPLIED MATERIAL,1,-1,NYSE
148782724,SCHW,SCHWAB (CHARLES),1,-1,NYSE
43661924,QQQ,POWERSH-QQQ,1,-1,NYSE
196610642,AGN,ALLERGAN PLC,1,-1,NYSE
152486141,JD,JD.COM INC-ADR,1,-1,NYSE
6248722,MET,METLIFE INC,1,-1,NYSE
152486141,EPD,ENTERPRISE PRODU,1,-1,NYSE
70236214,LVS,LAS VEGAS SANDS,1,-1,NYSE
9939,FOXA,TWENTY-FIRST C-A,1,-1,NYSE
41951960,BK,BANK NY MELLON,1,-1,NYSE
9939,MU,MICRON TECH,1,-1,NYSE
33175911,SO,SOUTHERN CO,1,-1,NYSE
269120,ATVI,ACTIVISION BLIZZ,1,-1,NYSE
134280621,TMUS,T-MOBILE US INC,1,-1,NYSE
100430853,CCL,CARNIVAL CORP,1,-1,NYSE
9282,CSX,CSX CORP,1,-1,NYSE
273733,REGN,REGENERON PHARM,1,-1,NYSE
115826951,IEMG,ISHA CORE EM,1,-1,NYSE
274925,EXC,EXELON CORP,1,-1,NYSE
83975037,KMI,KINDER MORGAN IN,1,-1,NYSE
5270,BSX,BOSTON SCIENTIFC,1,-1,NYSE
240495576,HAL,HALLIBURTON CO,1,-1,NYSE
80986742,BX,BLACKSTONE GROUP,1,-1,NYSE
281316445,BHGE,BAKER HUGHES A,1,-1,NYSE
181764593,EQIX,EQUINIX INC,1,-1,NYSE
83975037,EBAY,EBAY INC,1,-1,NYSE
13101,BBT,BB&T CORP,1,-1,NYSE
209411801,HPQ,HP INC,1,-1,NYSE
249963585,PLD,PROLOGIS INC,1,-1,NYSE
4596077,BAX,BAXTER INTL INC,1,-1,NYSE
4728003,DAL,DELTA AIR LI,1,-1,NYSE
274499,JCI,JOHNSON CONTROLS,1,-1,NYSE
45161769,ZTS,ZOETIS INC,1,-1,NYSE
45602025,LUV,SOUTHWEST AIR,1,-1,NYSE
49921110,MPC,MARATHON PETROLE,1,-1,NYSE
8908,PGR,PROGRESSIVE CORP,1,-1,NYSE
90376714,SYY,SYSCO CORP,1,-1,NYSE
120643511,APC,ANADARKO PETROLE,1,-1,NYSE
7655,GLW,CORNING INC,1,-1,NYSE
13805,WY,WEYERHAEUSER CO,1,-1,NYSE
37083557,STI,SUNTRUST BANKS,1,-1,NYSE
252066451,WDC,WESTERN DIGITAL,1,-1,NYSE
37830920,AMTD,TD AMERITRADE HO,1,-1,NYSE
274385,PEG,PUB SERV ENTERP,1,-1,NYSE
12362013,XEL,XCEL ENERGY INC,1,-1,NYSE
236074120,FTV,FORTIVE CORP,1,-1,NYSE
12581,SYF,SYNCHRONY FINANC,1,-1,NYSE
2006458,PPL,PPL CORP,1,-1,NYSE
262696012,LBTYA,LIBERTY GLOBAL-A,1,-1,NYSE
199169591,WMB,WILLIAMS COS INC,1,-1,NYSE
5336,CTRP,CTRIP.COM-ADR,1,-1,NYSE
6478095,HLT,HILTON WORLDWIDE,1,-1,NYSE
148782724,WB,WEIBO CORP-ADR,1,-1,NYSE
209430556,BEN,FRANKLIN RES INC,1,-1,NYSE
81671838,IP,INTL PAPER CO,1,-1,NYSE
267547,ADM,ARCHER-DANIELS,1,-1,NYSE
47550606,AAL,AMERICAN AIRLINE,1,-1,NYSE
88819736,A,AGILENT TECH INC,1,-1,NYSE
234662860,MCHP,MICROCHIP TECH,1,-1,NYSE
9091,DVN,DEVON ENERGY CO,1,-1,NYSE
8514,RSG,REPUBLIC SVCS,1,-1,NYSE
125980227,GGP,GGP INC,1,-1,NYSE
217234340,RACE,FERRARI NV,1,-1,NYSE
30351217,MYL,MYLAN NV,1,-1,NYSE
175833028,ES,EVERSOURCE ENERG,1,-1,NYSE
39832875,OKE,ONEOK INC,1,-1,NYSE
156178034,HIG,HARTFORD FINL SV,1,-1,NYSE
93957038,PFG,PRINCIPAL FINL,1,-1,NYSE
167955370,KR,KROGER CO,1,-1,NYSE
271967,MHK,MOHAWK INDS,1,-1,NYSE
269318,FITB,FIFTH THIRD BANC,1,-1,NYSE
6608417,ETP,ENERGY TRANSFER,1,-1,NYSE
8809,KEY,KEYCORP,1,-1,NYSE
77089444,NEM,NEWMONT MINING,1,-1,NYSE
37830920,ETE,ENERGY TRANSFER,1,-1,NYSE
9560,MGM,MGM RESORTS INTE,1,-1,NYSE
4815747,CFG,CITIZENS FINANCI,1,-1,NYSE
267889,XLNX,XILINX INC,1,-1,NYSE
7830,NUE,NUCOR CORP,1,-1,NYSE
274925,SYMC,SYMANTEC CORP,1,-1,NYSE
198051403,CLR,CONTL RES INC/OK,1,-1,NYSE
11005,DHI,DR HORTON INC,1,-1,NYSE
4817,INFO,IHS MARKIT LTD,1,-1,NYSE
3265376,HRL,HORMEL FOODS CRP,1,-1,NYSE
4392,BBY,BEST BUY CO INC,1,-1,NYSE
6946,ESS,ESSEX PROPERTY,1,-1,NYSE
137494497,APA,APACHE CORP,1,-1,NYSE
245501974,DVMT,DELL TECH-CL V,1,-1,NYSE
283077387,ANDV,ANDEAVOR,1,-1,NYSE
5270,CTL,CENTURYLINK INC,1,-1,NYSE
4750,AZO,AUTOZONE INC,1,-1,NYSE
2006458,BAP,CREDICORP LTD,1,-1,NYSE
9174,LNC,LINCOLN NATL CRP,1,-1,NYSE
251376406,YUMC,YUM CHINA HO,1,-1,NYSE
77089444,KKR,KKR & CO LP,1,-1,NYSE
6477908,MTD,METTLER-TOLEDO,1,-1,NYSE
8677881,AME,AMETEK INC,1,-1,NYSE
209430556,FDC,FIRST DATA COR-A,1,-1,NYSE
44539989,PAA,PLAINS ALL AMER,1,-1,NYSE
212671971,SQ,SQUARE INC - A,1,-1,NYSE
173253787,AEE,AMEREN CORP,1,-1,NYSE
137780444,TWTR,TWITTER INC,1,-1,NYSE
274249148,FE,FIRSTENERGY CORP,1,-1,NYSE
5402,MXIM,MAXIM INTEGRATED,1,-1,NYSE
76791198,WRK,WESTROCK CO,1,-1,NYSE
8057,HST,HOST HOTELS & RE,1,-1,NYSE
80269548,TAL,TAL EDUCATIO-ADR,1,-1,NYSE
41692402,NWL,NEWELL BRANDS IN,1,-1,NYSE
13681,IVZ,INVESCO LTD,1,-1,NYSE
5800,TXT,TEXTRON INC,1,-1,NYSE
6477908,CAG,CONAGRA BRANDS I,1,-1,NYSE
244164913,CBG,CBRE GROUP INC-A,1,-1,NYSE
95703740,CMS,CMS ENERGY CORP,1,-1,NYSE
4750,NBL,NOBLE ENERGY INC,1,-1,NYSE
7765,FAST,FASTENAL CO,1,-1,NYSE
9541678,LEN,LENNAR CORP-A,1,-1,NYSE
185731883,CA,CA INC,1,-1,NYSE
40643847,EDU,NEW ORIENTAL-ADR,1,-1,NYSE
11080,FTI,TECHNIPFMC PLC,1,-1,NYSE
5946,COG,CABOT OIL & GAS,1,-1,NYSE
8088389,TSS,TOTAL SYS SERVS,1,-1,NYSE
41891895,TTWO,TAKE-TWO INTERAC,1,-1,NYSE
274499,SNPS,SYNOPSYS INC,1,-1,NYSE
188986978,CMA,COMERICA INC,1,-1,NYSE
276222,NOV,NATL OILWELL VAR,1,-1,NYSE
8093,CNP,CENTERPOINT ENER,1,-1,NYSE
217234340,HCP,HCP INC,1,-1,NYSE
251923644,NCLH,NORWEGIAN CRUISE,1,-1,NYSE
11700272,FMC,FMC CORP,1,-1,NYSE
4168569,NTAP,NETAPP INC,1,-1,NYSE
12362013,ADS,ALLIANCE DATA,1,-1,NYSE
5552,CDNS,CADENCE DESIGN,1,-1,NYSE
41951960,MLCO,MELCO RESO-ADR,1,-1,NYSE
129131475,COTY,COTY INC-CL A,1,-1,NYSE
10794,MAS,MASCO CORP,1,-1,NYSE
30351217,WLK,WESTLAKE CHEMICA,1,-1,NYSE
41891895,IPGP,IPG PHOTONICS,1,-1,NYSE
45602025,MELI,MERCADOLIBRE INC,1,-1,NYSE
16191746,XEC,CIMAREX ENERGY C,1,-1,NYSE
11109,XYL,XYLEM INC,1,-1,NYSE
4728003,LNG,CHENIERE ENERGY,1,-1,NYSE
267547,CGNX,COGNEX CORP,1,-1,NYSE
9174,UNM,UNUM GROUP,1,-1,NYSE
251923644,ARNC,ARCONIC INC,1,-1,NYSE
292491487,TPR,TAPESTRY INC,1,-1,NYSE
273733,ETFC,E*TRADE FINANCIA,1,-1,NYSE
271967,LKQ,LKQ CORP,1,-1,NYSE
41692407,GRMN,GARMIN LTD,1,-1,NYSE
148233980,ALLY,ALLY FINANCIAL I,1,-1,NYSE
274385,SIVB,SVB FINANCIAL GR,1,-1,NYSE
4165,STX,SEAGATE TECHNOLO,1,-1,NYSE
240201113,BWA,BORGWARNER INC,1,-1,NYSE
137780444,HOLX,HOLOGIC INC,1,-1,NYSE
86033355,HII,HUNTINGTON INGAL,1,-1,NYSE
6726677,CSGP,COSTAR GROUP INC,1,-1,NYSE
7765,GPS,GAP INC/THE,1,-1,NYSE
115040877,EXPD,EXPEDITORS INTL,1,-1,NYSE
8153,FNF,FNF GROUP,1,-1,NYSE
218939694,DRE,DUKE REALTY CORP,1,-1,NYSE
262072228,VIAB,VIACOM INC-B,1,-1,NYSE
6607470,AMG,AFFIL MANAGERS,1,-1,NYSE
39095938,QVCA,LIBERTY INTER-A,1,-1,NYSE
40773257,SEE,SEALED AIR CORP,1,-1,NYSE
44061835,XL,XL GROUP LTD,1,-1,NYSE
10627,LNT,ALLIANT ENERGY,1,-1,NYSE
88819736,YNDX,YANDEX NV-A,1,-1,NYSE
9541678,MRVL,MARVELL TECH GRP,1,-1,NYSE
196610642,DISCA,DISCOVERY COMM-A,1,-1,NYSE
198051403,TRU,TRANSUNION,1,-1,NYSE
4596077,FLEX,FLEX LTD,1,-1,NYSE
269082,TRGP,TARGA RESOURCES,1,-1,NYSE
6248722,JNPR,JUNIPER NETWORKS,1,-1,NYSE
39832875,DXJ,WISDOMTREE JPN H,1,-1,NYSE
46126937,LDOS,LEIDOS HOLDINGS,1,-1,NYSE
12729,SPR,SPIRIT AEROSYS-A,1,-1,NYSE
196682709,CC,CHEMOURS CO,1,-1,NYSE
37511786,LYV,LIVE NATION ENTE,1,-1,NYSE
40773257,WU,WESTERN UNION,1,-1,NYSE
10260,NI,NISOURCE INC,1,-1,NYSE
11109,PHM,PULTEGROUP INC,1,-1,NYSE
257943749,ATH,ATHENE HOLDING-A,1,-1,NYSE
8677881,ON,ON SEMICONDUCTOR,1,-1,NYSE
11468575,OC,OWENS CORNING,1,-1,NYSE
10188791,NRG,NRG ENERGY,1,-1,NYSE
129203944,STLD,STEEL DYNAMICS,1,-1,NYSE
71423629,HEDJ,WISDOMTREE EUROP,1,-1,NYSE
236074120,ZION,ZIONS BANCORP,1,-1,NYSE
44986804,CF,CF INDUSTRIES HO,1,-1,NYSE
136254493,VEEV,VEEVA SYSTEMS-A,1,-1,NYSE
93957038,XPO,XPO LOGISTICS IN,1,-1,NYSE
12729,TER,TERADYNE INC,1,-1,NYSE
10517,PE,PARSLEY ENERGY-A,1,-1,NYSE
121665622,ZAYO,ZAYO GROUP HOLDI,1,-1,NYSE
11700272,SGEN,SEATTLE GENETICS,1,-1,NYSE
8845,KORS,MICHAEL KORS HOL,1,-1,NYSE
100430853,JAZZ,JAZZ PHARMACEUTI,1,-1,NYSE
4816201,OLED,UNIVERSAL DISPLA,1,-1,NYSE
80269548,ST,SENSATA TECHNOLO,1,-1,NYSE
4730364,EWBC,EAST WEST BNCRP,1,-1,NYSE
37875225,AER,AERCAP HOLDINGS,1,-1,NYSE
4347086,KIM,KIMCO REALTY,1,-1,NYSE
188986978,GDDY,GODADDY INC-A,1,-1,NYSE
6607910,MOS,MOSAIC CO/THE,1,-1,NYSE
8942,HOG,HARLEY-DAVIDSON,1,-1,NYSE
251962528,AA,ALCOA CORP,1,-1,NYSE
45161769,WBC,WABCO HOLDINGS,1,-1,NYSE
52424577,AXTA,AXALTA COATING S,1,-1,NYSE
249963585,AGNC,AGNC INVESTMENT,1,-1,NYSE
8088389,EXEL,EXELIXIS INC,1,-1,NYSE
267889,COHR,COHERENT INC,1,-1,NYSE
16191746,BERY,BERRY GLOBAL GRO,1,-1,NYSE
121507047,PTC,PTC INC,1,-1,NYSE
11000,HFC,HOLLYFRONTIER CO,1,-1,NYSE
33175911,HUN,HUNTSMAN CORP,1,-1,NYSE
277592500,XRX,XEROX CORP,1,-1,NYSE
257944570,VOYA,VOYA FINANCIAL I,1,-1,NYSE
8514,IPG,INTERPUBLIC GRP,1,-1,NYSE
139726256,ATHM,AUTOHOME INC-ADR,1,-1,NYSE
8111188,TOL,TOLL BROTHERS,1,-1,NYSE
76915240,KSS,KOHLS CORP,1,-1,NYSE
11468575,EXAS,EXACT SCIENCES,1,-1,NYSE
252066451,ADNT,ADIENT PLC,1,-1,NYSE
4482,GT,GOODYEAR TIRE,1,-1,NYSE
44001820,GXP,GREAT PLAINS ENE,1,-1,NYSE
10885,HBI,HANESBRANDS INC,1,-1,NYSE
216201303,IONS,IONIS PHARMACEUT,1,-1,NYSE
129348123,BLUE,BLUEBIRD BIO INC,1,-1,NYSE
1217009,FTNT,FORTINET INC,1,-1,NYSE
288039996,KNX,KNIGHT-SWIFT TRA,1,-1,NYSE
28488706,SBNY,SIGNATURE BANK,1,-1,NYSE
13838371,AYI,ACUITY BRANDS,1,-1,NYSE
136370275,RICE,RICE ENERGY INC,1,-1,NYSE
4815347,NBIX,NEUROCRINE BIOSC,1,-1,NYSE
4730364,JWN,NORDSTROM INC,1,-1,NYSE
6946,HDS,HD SUPPLY HOLDIN,1,-1,NYSE
5552,NFX,NEWFIELD EXPLORA,1,-1,NYSE
40369429,FLR,FLUOR CORP,1,-1,NYSE
71423629,PF,PINNACLE FOODS I,1,-1,NYSE
4906,COMM,COMMSCOPE HOLDIN,1,-1,NYSE
266093,AR,ANTERO RESOURCES,1,-1,NYSE
175833028,HTA,HEALTHCARE TRU-A,1,-1,NYSE
4814876,MIDD,MIDDLEBY CORP,1,-1,NYSE
104054141,ALSN,ALLISON TRANSMIS,1,-1,NYSE
14765981,JBLU,JETBLUE AIRWAYS,1,-1,NYSE
198032496,M,MACY'S INC,1,-1,NYSE
10799,OLN,OLIN CORP,1,-1,NYSE
61454372,LOGM,LOGMEIN INC,1,-1,NYSE
212671971,RSPP,RSP PERMIAN INC,1,-1,NYSE
234662860,USFD,US FOODS HOLDING,1,-1,NYSE
6858367,ULTI,ULTIMATE SOFTWAR,1,-1,NYSE
6180,CIT,CIT GROUP INC,1,-1,NYSE
262072210,BIVV,BIOVERATIV INC,1,-1,NYSE
120643511,CONE,CYRUSONE INC,1,-1,NYSE
176573143,MOMO,MOMO INC-ADR,1,-1,NYSE
278946664,BRX,BRIXMOR PROPERTY,1,-1,NYSE
11905,PWR,QUANTA SERVICES,1,-1,NYSE
269318,OHI,OMEGA HEALTHCARE,1,-1,NYSE
6740,EGN,ENERGEN CORP,1,-1,NYSE
4816187,OZRK,BANK OF THE OZAR,1,-1,NYSE
267192,CACC,CREDIT ACCEPTANC,1,-1,NYSE
147657498,GRUB,GRUBHUB INC,1,-1,NYSE
168812158,W,WAYFAIR INC- A,1,-1,NYSE
169688387,NRZ,NEW RESIDENT,1,-1,NYSE
36786278,UAA,UNDER ARMOUR-A,1,-1,NYSE
8130,HRB,H&R BLOCK INC,1,-1,NYSE
6746357,UTHR,UNITED THERAPEUT,1,-1,NYSE
32602412,SABR,SABRE CORP,1,-1,NYSE
196682709,FLS,FLOWSERVE CORP,1,-1,NYSE
136254493,DNKN,DUNKIN' BRANDS G,1,-1,NYSE
113599091,SKX,SKECHERS USA-A,1,-1,NYSE
4457282,JBL,JABIL INC,1,-1,NYSE
89495776,MUR,MURPHY OIL CORP,1,-1,NYSE
1715006,MAT,MATTEL INC,1,-1,NYSE
46128135,ATHN,ATHENAHEALTH INC,1,-1,NYSE
109979708,TSRO,TESARO INC,1,-1,NYSE
282854791,SFR,STARWOOD WAYPOIN,1,-1,NYSE
13960,X,US STEEL CORP,1,-1,NYSE
13325,USG,USG CORP,1,-1,NYSE
5840,RRC,RANGE RESOURCES,1,-1,NYSE
4817001,PTEN,PATTERSON-UTI,1,-1,NYSE
249850033,NTNX,NUTANIX INC - A,1,-1,NYSE
45441825,MASI,MASIMO CORP,1,-1,NYSE
152388753,BC,BRUNSWICK CORP,1,-1,NYSE
281316445,TDC,TERADATA CORP,1,-1,NYSE
269555,FHN,FIRST HORIZON NA,1,-1,NYSE
265973,AKRX,AKORN INC,1,-1,NYSE
106001565,PFPT,PROOFPOINT INC,1,-1,NYSE
6478024,YELP,YELP INC,1,-1,NYSE
2381302,NCR,NCR CORP,1,-1,NYSE
12732,TEX,TEREX CORP,1,-1,NYSE
13277,HAIN,HAIN CELESTIAL,1,-1,NYSE
268057,CRUS,CIRRUS LOGIC INC,1,-1,NYSE
119837125,TRCO,TRIBUNE MEDIA -A,1,-1,NYSE
201113895,LITE,LUMENTUM HOL,1,-1,NYSE
110434131,SRPT,SAREPTA THERAPEU,1,-1,NYSE
4065,PBF,PBF ENERGY INC-A,1,-1,NYSE
59198014,AMJ,JPM-ALERIAN MLP,1,-1,NYSE
4817750,SBGI,SINCLAIR BROAD-A,1,-1,NYSE
110650558,FIVE,FIVE BELOW,1,-1,NYSE
137867351,EVHC,ENVISION HEALTHC,1,-1,NYSE
8854,DKS,DICK'S SPORTING,1,-1,NYSE
101605785,SLCA,US SILICA HOLDIN,1,-1,NYSE
6548,BBBY,BED BATH &BEYOND,1,-1,NYSE
13695767,WTW,WEIGHT WATCHERS,1,-1,NYSE
41045553,CIEN,CIENA CORP,1,-1,NYSE
271568,URBN,URBAN OUTFITTER,1,-1,NYSE
132310192,SFM,SPROUTS FARMERS,1,-1,NYSE
40673933,CAR,AVIS BUDGET GROU,1,-1,NYSE
137867351,WIX,WIX.COM LTD,1,-1,NYSE
88850795,SAVE,SPIRIT AIRLINES,1,-1,NYSE
8772,KBH,KB HOME,1,-1,NYSE
237794430,TWLO,TWILIO INC - A,1,-1,NYSE
9927915,MDCO,MEDICINES COMP,1,-1,NYSE
251962528,BIG,BIG LOTS INC,1,-1,NYSE
69140980,FNSR,FINISAR CORP,1,-1,NYSE
248755440,TTD,TRADE DESK INC-A,1,-1,NYSE
267227,CAKE,CHEESECAKE FACTO,1,-1,NYSE
4816645,PLCE,CHILDREN'S PLACE,1,-1,NYSE
36584749,IRBT,IROBOT CORP,1,-1,NYSE
115324103,AMBA,AMBARELLA INC,1,-1,NYSE
26796053,BWLD,BUFFALO WILD WIN,1,-1,NYSE
49284274,EPI,WISDOMTREE INDIA,1,-1,NYSE
6150,GME,GAMESTOP CORP-A,1,-1,NYSE
6390,DDS,DILLARDS INC-A,1,-1,NYSE
4728624,CRZO,CARRIZO OIL&GAS,1,-1,NYSE
88292752,EAT,BRINKER INTL,1,-1,NYSE